{"STUDENTNUMBER": "s1122141", "FIRSTNAME": "FOTEINI", "LASTNAME": "PAPADOPOULOU", "results_1": {"precision@1": 0.4513313110886417, "precision@5": 0.4228985507246377, "precision@10": 0.3832895180316819, "precision@25": 0.2720552746882373, "recall@1": 0.07472577850117126, "recall@5": 0.315725702455326, "recall@10": 0.5169225080207952, "recall@25": 0.7482686903944814, "F-score@1": 0.11454143750486454, "F-score@5": 0.30638131785149253, "F-score@10": 0.3776723535876375, "F-score@25": 0.35247610330560825, "DCG@1": 0.4513313110886417, "DCG@5": 1.2656562772756248, "DCG@10": 1.8173462254841932, "DCG@25": 2.5379411534956744, "NDCG@1": 0.4513313110886417, "NDCG@5": 0.4720439629436193, "NDCG@10": 0.5204326562705249, "NDCG@25": 0.5958868199120942, "MAP": 0.4969908565132953, "MRR": 0.5849835056944714}, "results_2": {"precision@1": 0.6332659251769465, "precision@5": 0.5303538928210314, "precision@10": 0.4487967644084935, "precision@25": 0.2941449275362319, "recall@1": 0.11156613449121452, "recall@5": 0.3877454105305919, "recall@10": 0.5853564555726625, "recall@25": 0.788337785791862, "F-score@1": 0.1678957656525438, "F-score@5": 0.3797977654955629, "F-score@10": 0.4355154260810686, "F-score@25": 0.3781740951620689, "DCG@1": 0.6332659251769465, "DCG@5": 1.6301956939744944, "DCG@10": 2.221032461005149, "DCG@25": 2.919721626786108, "NDCG@1": 0.6332659251769465, "NDCG@5": 0.609410977732218, "NDCG@10": 0.6347646841742844, "NDCG@25": 0.6857013325079266, "MAP": 0.5959921388317284, "MRR": 0.7143772914343578}, "results_3": {"precision@1": 0.6380856083586114, "precision@5": 0.5364004044489383, "precision@10": 0.45250758341759356, "precision@25": 0.2957654196157735, "recall@1": 0.11188116703547293, "recall@5": 0.3912504677466637, "recall@10": 0.5878964832327093, "recall@25": 0.7906112433665506, "F-score@1": 0.16855776184811463, "F-score@5": 0.38382994416938565, "F-score@10": 0.4384256454953669, "F-score@25": 0.3799178986851073, "DCG@1": 0.6380856083586114, "DCG@5": 1.6480383663149252, "DCG@10": 2.2411781590432565, "DCG@25": 2.9411645364543024, "NDCG@1": 0.6380856083586114, "NDCG@5": 0.6157116477110826, "NDCG@10": 0.6396313743269495, "NDCG@25": 0.6897442749316219, "MAP": 0.601360624753592, "MRR": 0.7176145177139259}}